Change Request Forms - 2026,,,,,,,,,,,,,,,,,,,,
Month,Client Name,Partner Name,Conversation#,Change Requested By,Change Request Date,Category,Reason for Raising,Change Request,Time Spent on Configuration,Time Spent on Review/Testing,Total Time,No. of Errors,Configuration Analyst,Review/Testing Analyst,Implementation Manager/CRM,Completed Date,Rating,Comments,Billable/Non Billable,
June,ORourke Sales Company,TrueNorth,468993,Partner,06/18/2026,Eligibility Setup,"When an employee moves from part-time to either management or non-management, the waiting period should match that of a new hire: FOMF begins 90 days after the effective date of the change.","•We have  removed Part-time from Class and added it as a department.
•Updated the Department change rule to  90 days from the Date of change that is same as New hire rule. And First of the Month Following or Coinciding with 90 Day(s) from Date of Department for Dental, Vision, Basic Life, LTD, Voluntary Life.
•First of the Month Following 90 Day(s) from Date of Department for  FSA Dependent Care, Voluntary Short Term Disability, Accident, Hospital Indemnity and Critical Illness",1:00,1:00,2:00,,Pratyush,Nischith,Denna,06/18/2026,5,,,
January,ATK Energy Group,TrueNorth,449714 and 449644,Partner,01/19/2026,Eligibility Setup,"ATK Energy Group has added multiple Paylocity company codes that mirror ATK’s existing benefits, eligibility rules, and contribution structure. To ensure consistent demographic mapping and payroll reporting, these entities should be managed at the Location level. We also identified that Nomad was previously set up as a Department and needs to be corrected to follow this same Location-based structure.
Using Locations allows direct mapping to Paylocity company IDs while keeping carrier and EDI configurations aligned with ATK.

Please complete the following updates in Benefits Junction:
1.Create / update Locations:
K5 Line LLC
Axiom Utility Solutions LLC
Nomad Power Group
2.Associate each Location with its corresponding Paylocity company ID so payroll can be reported correctly.
K5 Line LLC — Company ID 337597
Axiom Utility Solutions LLC — Company ID 351049
Nomad Power Group — Company ID 339815
3.Fix Nomad Power Group so it is handled as a Location (not a Department) and follows this same structure.
4.For carrier file feeds, map all new Locations the same way as ATK, with no changes to carrier accounts, plans, eligibility, or EDI logic.
","1.Create / update Locations:
K5 Line LLC
Axiom Utility Solutions LLC
Nomad Power Group
2.Fix Nomad Power Group so it is handled as a Location (not a Department) and follows this same structure. Leave the department as it is and moved employees to Location with same department for now.
3.Add new department Fleet in system and eligibility same as other departments.
",0:30,1:00,1:30,,Shilpa,Kiran B S,Juan,01/19/2026,4,,,
January,Howard Sheppard LLC,TrueNorth,449974,Client,01/27/2026,Eligibility Setup,"Please Add ACCT as a new Location value in Workforce Junction, effective 1/1/26. Eligibility should match the other locations. ",Add ACCT as a new Location value in Workforce Junction. Eligibility should match the other locations. ,0:17,2:00,2:17,,Jeevan S,Kiran B S,Juan,01/27/2026,5,,,
January,Flora Food Group,Hilb Group,453137,Client,01/30/2026,Plan Setup,"The New Century is taking STD and FMLA administration in-house and should no longer be billed by UNUM. Since STD and FMLA are auto-enrolled and UNUM is self-bill based on WFJ enrollment, eligibility must be updated to prevent incorrect billing.","Update STD and FMLA eligibility effective 01/01/2026 so that employees in the following divisions are not eligible or enrolled:
- New Century – 27080 West 159th
- Direct Bill – New Century – 27080 West 159th
- Hugoton
- Direct Bill – Hugoton

Also update the UNUM rates effective 01/01/2026 for the remaining population:
- STD: $10.25 PEPM (from $5.40)
- FMLA: $5.61 PEPM (from $4.21)

This change is needed because New Century is taking STD and FMLA administration in-house and should no longer be billed by UNUM. Since STD and FMLA are auto-enrolled and UNUM is self-bill based on WFJ enrollment, eligibility must be updated to prevent incorrect billing.

No employee notifications, or to-do items should be triggered as part of this change, and employees should not be given the ability to modify their enrollments related to this update.
Additionally. Remove division from the plan Employer Paid STD Plan - NJ 

- New Century – 27080 West 159th 
- Direct Bill – New Century - 27080 West 159th 
- Hugoton 
- Direct Bill – Hugoton ",1:00,2:30,3:30,,Jeevan S,Kiran B S,Juan,01/30/2026,5,,,
February,World Class Industries Inc,TrueNorth,454902,Partner,02/16/2026,Plan Setup,"During an audit of the Mutual of Omaha invoice for World Class Industries, our team noticed a rate mismatch for Basic Life and AD&D across multiple employees. The premiums billed on the carrier invoice do not align with the rates currently configured in the system. The broker confirmed the correct rates, so the system needs to be updated to match carrier billing and prevent ongoing premium discrepancies.","Update the Mutual of Omaha Basic Life and AD&D rates for World Class Industries effective 01/01/2026 to the confirmed rates provided by the broker. 
Basic Life rate: 0.11 
AD&D rate: 0.02 ",0:10,1:00,1:10,,Jeevan S,Nischith,Juan,02/16/2026,5,,,
February,Flora Food Group,Hilb Group,455041,Partner,02/18/2026,Rates Corrections,"Reason for Change:

Update 2026 Cigna medical premiums in the system to align with carrier billing. The carrier rates include the Vision Exam Only premium bundled into the medical plan rates. Our system was previously configured with medical-only rates, which caused a mismatch with the carrier invoice.

Requested Update:

Update the 2026 Cigna medical plan premiums to include Vision Exam Only rates as follows:

HDHP
•	Employee: $784.87
•	Employee + Spouse: $1,693.96
•	Employee + Child(ren): $1,456.55
•	Employee + Family: $2,365.67

POS
•	Employee: $974.22
•	Employee + Spouse: $2,102.51
•	Employee + Child(ren): $1,808.06
•	Employee + Family: $2,936.35
","Update the 2026 Cigna medical plan premiums to include Vision Exam Only rates as follows:

HDHP
•	Employee: $784.87
•	Employee + Spouse: $1,693.96
•	Employee + Child(ren): $1,456.55
•	Employee + Family: $2,365.67

POS
•	Employee: $974.22
•	Employee + Spouse: $2,102.51
•	Employee + Child(ren): $1,808.06
•	Employee + Family: $2,936.35


",0:11,1:30,1:41,,Pratap,Nischith,Juan,02/18/2026,5,,,
February,Gilbert May dba Phillips May Corporation,Higginbotham,455815,Client,02/24/2026,Status Change,"Update the Status Change rules so that childbirth is effective as of the date of birth instead of first of the following month. No changes are needed for any of the other qualifying life events, which should continue to be effective the first of the month following the event. ",Updated the Status Change rules so that childbirth is effective as of the date of birth instead of first of the following month. No changes are done to any of the other qualifying life events,0:20,1:10,1:30,,Pratyush,Kiran B S,Juan,02/24/2026,5,,,
February,World Class Industries Inc,TrueNorth,455533,Client,02/24/2026,Carrier Change,"Update the carrier name from Allstate ? The Standard in Workforce Junction for the following plans for WCI:
  Accident
  Critical Illness
Update any references to Allstate in the employee portal for WCI to The Standard for those same plans.","Updated the carrier name from Allstate ? The Standard in Workforce Junction for the following plans for WCI:
  Accident
  Critical Illness
Updated any references to Allstate in the employee portal for WCI to The Standard for those same plans.",0:20,1:30,1:50,,Jeevan S,Kiran B S,Juan,02/24/2026,5,,,
March,Hammer Williams Company,Dillingham,455698,Partner,03/10/2026,Eligibility Setup,"Add three new departments under the Hammer Williams division in WFJ, eligibility should match the other departments:
•	725
•	712
•	731
","Add the below new departments and the eligibility should match the other departments:
•	725
•	712
•	731
",0:20,1:50,2:10,,Pratap,Kiran B S,Juan,03/10/2026,5,,,
March,Gilbert May dba Phillips May Corporation,Higginbotham,454757,Client,03/13/2026,Plan Details Corrections,"Update the configuration for Dearborn coverage as follows:
•	STD premiums should be rounded to the nearest penny, with benefits rounded to the nearest dollar.
•	Voluntary Life and AD&D spouse coverage should be rated based on the employee’s age instead of the spouse’s age.
","Updated the Configuration rules
STD 
•Benefit amounts must be rounded to the nearest dollar. Update the rule to Conventional Rounding to the Whole Dollar
Voluntary Life & AD&D – Spouse Coverage
•Voluntary Life and AD&D spouse coverage should be rated based on the employee’s age instead of the spouse’s age.
",0:20,1:30,1:50,,Pratap,Kiran B S,Juan,03/13/2026,5,,,
March,ATK Energy Group,TrueNorth,459515,Partner,03/26/2026,Eligibility Setup,"Add “Detroit Energy - Michigan” as a new department, eligibility should match other departments in WFJ, eligibility should match the other departments

Reason for Request:
A new department has been created in Paylocity, and this needs to exist in Workforce Junction to ensure incoming demographic data maps correctly.","Add new departments called Detroit Energy - Michigan
in WFJ, eligibility should match the other departments",0:10,1:30,1:40,,Jeevan S,Kiran B S,Juan,03/26/2026,5,,,
March,ORourke Sales Company,TrueNorth,457114,Partner,03/27/2026,Eligibility Setup,"Create new location (02) Parcel Warehouse – Davenport, IA in the system. Eligibility should match the other locations. 

Reason for Request:
Client is adding a new worksite location for employees. The location must be added so employees can be assigned correctly and so the location can be included in EDI feeds to carriers (Ameritas, Meritain/Aetna, and Transamerica).","Create new location (02) Parcel Warehouse – Davenport, IA in the system. Eligibility should match the other locations. ",0:15,0:50,1:05,,Jeevan S,Nischith,Juan,03/27/2026,5,,,
March,ATK Energy Group,TrueNorth,459758,Partner,03/28/2026,Eligibility Setup,"Request: Add new department Kent Farms to Benefits Junction under ATK Energy. Eligibility should match other departments. 

Reason: Client requested setup to allow enrollment of new employees. This location will not be included in Paylocity file feeds and will be reported to carriers under the existing ATK structure.",Add new department Kent Farms to Benefits Junction under ATK Energy. Eligibility should match other departments.,0:13,1:30,1:43,,Jeevan S,Kiran B S,Juan,03/30/2026,5,,,
May,Don Hummer Trucking,TrueNorth,464638,Client,05/07/2026,Waiting Period Rules,Employer Paid Critical Illness plans to terminate at the end of the month instead of the date of termination. Update the termination rule for Group Accident to terminate on the date of termination instead of the last day of the month following the date of termination. No changes are needed for Voluntary Critical Illness plans. ,"We have updated the Termination rules for the plans Group Accident and Employer Paid Critical Illness
Group Accident - Date of  Termination
Employer Paid Critical Illness - Last day of Month following Date of Termination",0:21,1:30,1:51,,Pratap,Kiran B S,Juan,05/07/2026,5,,,
May,ark data centers,TrueNorth,463295,Partner,05/09/2026,Waiting Period Rules,"Update to the waiting period rules for Mutual of Omaha plans to align with the carrier’s eligibility calculation methodology by changing the rule from “First of the Month Following 30 Day(s) from Date of Hire” to “First of the Month Following 31 Day(s) from Date of Hire.”  

This should apply to New Hire/Rehire rules only and also to Class, Location, Division, and Department changes.","Updated to the waiting period rules for Mutual of Omaha plans to align with the carrier’s eligibility calculation methodology by changing the rule from “First of the Month Following 30 Day(s) from Date of Hire” to “First of the Month Following 31 Day(s) from Date of Hire.”  

This is applied to New Hire/Rehire rules only and also to Class, Location, Division, and Department changes.",0:45,0:50,1:35,,Pratyush,Nischith,Juan,05/09/2026,5,,,
May,Gilbert May dba Phillips May Corporation,Higginbotham,460191,Partner,05/14/2026,Plan Rules,"BCBSTX confirmed their retro billing cap is 60 days, not 30 (per Brandy Garcia at Higginbotham, 5/11/2026). Our current 1-month cap is out of sync with the carrier, which has driven A&R discrepancies on multiple employees. Updating to 2 months aligns Benefits Junction with the carrier's actual billing behavior.","We have updated the BCBSTX retro billing rule caps on the Gilbert May as follows:
- Addition Retro Cap: change from 1 to 2
- Termination Retro Cap: change from 1 to 2",0:13,0:30,0:43,,Jeevan S,Nischith,Juan,05/14/2026,5,,,
May,Flora Food Group,Hilb group,465401,Partner,05/14/2026,Plan Rules,"Cigna confirmed on 5/11/2026 that they bill using a ""wash method"" — no premium charged for the month of hire unless the effective date is the 1st. Medical is already configured to match this practice; Dental is not. The mismatch is driving recurring new-hire and mid-month enrollment discrepancies on reconciliations (9 employees flagged on the most recent tracker alone). Aligning Dental to Medical eliminates the issue going forward.","We have updated the Cigna retro billing rules caps on the Flora Food Group as follows:
Invoice Addition Retro Rule:?
No Premium for first month unless it is 1st? 
Addition Retro Cap:?2? 
Invoice Termination Retro Rule:?Full month premium? 
Termination Retro Cap:?2?
Funding Rules:?Fully Insured? ",0:10,0:30,0:40,,Pratap,Nischith,Juan,05/14/2026,5,,,
June,Iowa City Community School District,TrueNorth,460588,Client,06/05/2026,Auto Enrollment Setup,"Currently, teachers who do not complete new hire or open enrollment have no summer check election recorded in WFJ, resulting in missing data on the Summer Checks Changes Report. Iowa City's payroll system automatically assigns these employees to Pay Group C (June/July/August) regardless of whether an election is made in WFJ, creating a mismatch between the two systems. 
The requested change is to configure a default enrollment rule in WFJ so that any teacher who does not complete new hire or OE enrollment is automatically assigned June/July/August as their summer check election, aligning WFJ with Iowa City's payroll defaults.","We setup auto enrollment setup in BenJ so that any Teacher who does not complete new hire or OE enrollment is automatically assigned June/July/August plan as their summer check election, aligning WFJ with Iowa City's payroll defaults. ",0:45,,0:45,,Pratyush,,Juan,06/05/2026,5,,,
June,ORourke Sales Company,TrueNorth,468806,Client,06/12/2026,Plan Setup,Remove domestic partner eligibility from all benefit plans and update the system so that domestic partners are no longer available as an enrollment option,We have removed Domestic Partner eligibility from all applicable benefits plans ,1:00,1:00,2:00,,Pratap,Kiran B S,Juan,06/12/2026,5,,,
July,ATK Energy Group,TrueNorth,471464,Client,07/09/2026,Eligibility Setup,"Add a new department code ""TECO"" to the ATK Energy Group configuration. Eligibility rules for the TECO department should mirror the existing departments (no unique eligibility provisions).","We have added a new department code ""TECO"" to the ATK Energy Group configuration. Eligibility rules for the TECO department are mirror those of the existing departments (no unique eligibility provisions).",0:10,1:20,1:30,,Jeevan S,Kiran b S,Juan,07/09/2026,5,,,
July,Brightmark,Johnson & Dugan,472076,Client,07/13/2026,Eligibility Setup,"VSP Invoice Setup:
Invoice Termination Retro Rules: Termination Billing Rule from 'Full month premium if terminated after the 15th of the month' to 'Full month premium.",VSP Invoice Setup: We have updated the Termination Billing Rule from “Full month premium if terminated after the 15th of the month” to “Full month premium.”,0:10,0:30,0:40,,Jeevan S,Kiran B S,Juan,07/13/2026,5,,,
July,Brightmark,Johnson & Dugan,470414,Client,07/13/2026,Plan Setup,"Broker (Ashley Brown, Johnson & Dugan) requested that Brightmark LLC’s Voluntary Life plan be updated in BenJ to allow employees to enroll outside of a renewal or qualifying life event. UNUM confirmed this is permissible under the policy guidelines. The system is not currently set up to allow this. EOI is required from the first dollar since the employee is enrolling outside of the new hire period. ",We have updated the setup for Voluntary Life plan Employee can enroll in the plan any number of times during the year,0:10,0:50,1:00,,Pratap,Kiran B S,Juan,07/13/2026,5,,,
January,Visiting Nurse Health System,Propel Insurance,,Clients,01/02/2025,Rates Corrections,Can you update the following for the Veris Benecon plans?,Updated the following Veris Benecon plans,0:25,1:50,2:15,,Pratap,Nischith,Nitya,01/02/2026,5,,,
January,Point of Rental,Alera Group,450869,Client,01/16/2026,Plan Setup,"Update HSA so that those who elect HDHP cannot enroll in Medical FSA. So remove decline option from HSA and allow option for $0.
Since there is an ER contribution, Those enrolled cannot have Medical FSA. Limited FSA must be presented instead. 

For those currently in this situation, please do the following, make it effective 1/1/2026. 
Name	FSA	HSA
Byron White	Remove FSA	$0
Ryland Morigeau	Remove FSA	$50 per pay check
Matthew Benvenuti	Remove FSA	$20 per pay check","We checked this in Staging and below are the findings and setup changes to be made:

We need to select the option ""Yes"" for Employee contribution in HSA plan, then employee won't get the Decline option for HSA plan.

1.The employee who enrolled in Medical Non HDHP plan will get the Regular FSA plan.

2.The employee who enrolled in Medical HDHP, the HSA will be enrolled and the employee will get the Limited FSA plan.

Update HSA so that those who elect HDHP cannot enroll in Medical FSA. So remove the decline option from HSA and allow option for $0.

Since there is an ER contribution, Those enrolled cannot have Medical FSA. Limited FSA must be presented instead. 

For those currently in this situation, please do the following, make it effective 1/1/2026. 
Name	FSA	HSA
Byron White	Remove FSA	$0
Morigeau	Remove FSA	$50 per pay check
Matthew Benvenuti	Remove FSA	$20 per pay check",0:40,1:00,1:40,,Kiran B S,Nischith,Nitya,01/17/2026,5,,,
January,W.T.Rich,"LumberFi, Inc",450658,Client,01/28/2026,Plan Setup,"Change Accident Plan to admin only similar to Critical Illness and add an information only Accident Plan.  

 

Make sure to rename Accident Plan to Accident – Colonial as well.  

 

Rename Critical Illness to?Critical Illness - Colonial, Whole Life to?Whole Life - Colonial?and Term Life to?Term Life - Colonial. ","Change Accident Plan to admin only (Custom Premium) similar to Critical Illness 

Add an information only Accident Plan. similar to Critical Illness 

Update Premiums in custom premium plan 

Terminate the existing accident plan after all the above updates or delete the plan from BenJ. 

Make sure to rename Accident Plan to Accident - Colonial as well.  

Rename Critical Illness to?Critical Illness - Colonial, Whole Life to?Whole Life - Colonial?and Term Life to?Term Life - Colonial. ",2:00,2:30,4:30,,Pratap,Kiran B S,Nitya,01/28/2026,5,,,
January,Healthcare of Iowa,TrueNorth,452639,Partner,01/28/2026,Eligibility Setup,"Terminate all employees in Anamosa & Monticello locations effective 1/31/26.
Do not process COBRA terms. 
","Terminate all employees in Anamosa & Monticello locations effective 1/31/26.
Do not process COBRA terms.

In case if we need to update Do Not Use like how we did not past, do that as well.
",1:00,,1:00,,Kiran B S,Nischith,Nitya,01/31/2026,5,,,
February,Thompson Concrete,"LumberFi, Inc",454010,Client,02/06/2026,Plan Setup,"Update Dental and Vision Rates. Use highlighted rates. If EE pays the whole amount then update. If shared between EE and ER, add or remove from ER cost so deductions stay the same.",Updating the Premium rates for the Plans dental and Vision.,0:10,0:50,1:00,,Pratap,Nischith,Nitya,02/07/2026,5,,,
February,Quest Building Corp,"LumberFi, Inc",454207,Partner,02/10/2026,Eligibility Setup,"Create an Owners Department with EE deductions = $0 for the following plans. Medical,Dental,Vision","Create an Owners Department with EE deductions = $0 for the following plans for Medical,Dental,Vision. Owners department is eligible for all the plans",0:40,1:40,2:20,,Pratap,Kiran B S,Nitya,02/10/2026,5,,,
February,K2 Construction,"LumberFi, Inc",454665,Partner,02/12/2026,Eligibility Setup,Create a location called: Frontier Environmental and move employees. Should have same benefit structure as K2.  ,Create a new location named “Frontier Environmental” should have same benefit structure and eligibility as K2 Construction Location.,0:10,1:40,1:50,,Pratap,Kiran B S,Nitya,02/12/2026,5,,,
February,Precision Group,"LumberFi, Inc",454898,Clients,02/16/2026,Plan Setup,Please remove PCP requirement for Medical plan type ,Please remove PCP setup for Medical plan type,0:10,0:30,0:40,,Pratap,Nischith,Nitya,02/16/2026,5,,,
March,Stratus Systems LLC,"LumberFi, Inc",456767,Client,03/04/2026,Waiting Period Rules,"Update rehire rule to “within 120 days of termination, FOMF rehire date” ","Update rehire rule to “within 120 days of termination, FOMF rehire date for all the plans. ",0:20,0:50,1:10,,Pratyush,Nischith,Nitya,03/04/2026,5,,,
March,Wagner Roofing Company,"LumberFi, Inc",452163,Client,03/10/2026,Eligibility Setup,Add Jacks Roofing and Wagner Roofing as Locations,"Add Jacks Roofing as Location in our system and make eligibility the same as the Location of All Employees and Department All Employees.

In regard to renaming location All Employees to Wagner Roofing, we need to check with Russ as this is mapped to Noyo.

Process the census data provided in the email.
",0:20,0:50,1:10,,Kiran B S,Nischith,Nitya,03/10/2026,5,,,
March,AXISCADES,TrueNorth,456101,Partner,03/11/2026,Waiting Period Rules,Update Life and Disability termination rule to EOM. ,Status termination rule for all Principal plans should be last day of the month. Hence copy the waiting period rules from accident plan for all the Principal carrier. ,0:20,0:50,1:10,,Kiran B S,Nischith,Nitya,03/11/2026,5,,,
March,Visiting Nurse Health System,Propel Insurance,452768,Partner,03/13/2026,Rates Corrections,Please update the Medical plans to self-funded and update the rates for all Medical plans,Updated the Medical plans to self-funded and updated the rates for all Medical plans,1:05,1:40,2:45,,Pratyush,Kiran B S,Nitya,03/13/2026,5,,,
March,AXISCADES,TrueNorth,457132,Partner,03/14/2026,Plan Details Corrections,"Voluntary Life insurance, spouse rates will be determined based on the spouse’s age.  

LTD and STD benefits, the benefit amount will be rounded to the nearest whole dollar","Updated the Configuration rules

Voluntary Life insurance, spouse rates will be determined based on the spouse’s age.  

LTD and STD benefits, the benefit amount will be rounded to the nearest whole dollar",0:20,2:00,2:20,,Pratap,Kiran B S,Nitya,03/16/2026,5,,,
March,AXISCADES,TrueNorth,457895,Partner,03/25/2026,Rates Corrections,"Update Medical setup – change plans to self-insured and update fees for both plans with the following: 
| Coverage Tier                | Stop Loss | Medical Admin |
| --------------------- --------| --------- ---| ------------- -------|
| Employee Only              | $202.63   | $64.48                |
| Employee + Spouse      | $547.10   | $174.08              |
| Employee + Child(ren) | $405.27   | $128.95              |
| Family                             | $688.94   | $219.21              |","Change the Medical plan setup from Fully Insured to Self-Funded and update Total Premium under FIE and add the below Stop Loss and Admin Fee

| Coverage Tier                | Stop Loss | Medical Admin |
| --------------------- --------| --------- ---| ------------- -------|
| Employee Only              | $202.63   | $64.48                |
| Employee + Spouse      | $547.10   | $174.08              |
| Employee + Child(ren) | $405.27   | $128.95              |
| Family                             | $688.94   | $219.21              |",0:30,0:50,1:20,,Kiran B S,Nischith,Nitya,03/25/2026,5,,,
March,Precision Group,"LumberFi, Inc",459079,Client,03/24/2026,Eligibility Setup,"Update Deparments
-	Separate Shareholder and Retiree
o	Shareholder - eligible for all benefits. Medical and Dental deductions are post tax.
o	Retiree - eligible for Basic Life and Dental.
-	Move Jason and Todd to Shareholder group
-	Sharon Gray will be in Retiree group
-	Update Lumber Payroll System

","Separate department Shareholder and Retiree

Delete Shareholder or Retiree and Add new department Shareholder (Non-HSA)
Add new department Retiree


o	Shareholder (Non-HSA) department should have similar eligibility as Managers (Non-HSA)
o	Shareholders (Non-HSA) – make it eligible for all benefits. Medical and Dental deductions are post tax.
o	Retiree - eligible for Basic Life and Dental.
-	Move Jason Shye and Todd Gary to Shareholder (Non-HSA) group effective 4/1/2026
-	Sharon Gray will be in Retiree group effective 4/1/2026
-	Rename the basic life plan from Basic Life - Shareholder or Retiree to Basic Life - Retiree
-	Update Lumber Payroll System

",0:35,1:30,2:05,,Kiran B S,Nischith,Nitya,03/26/2026,4,,,
April,AXISCADES,TrueNorth,457132,Partner,04/16/2026,Plan Details Corrections,"Voluntary Critical Illness, spouse rates will be determined based on the spouse’s age.","Updated the Configuration Rules
Voluntary Critical Illness, Spouse rates will be determined based on the spouse's age",0:10,1:30,1:40,,Pratap,Kiran B S,Nitya,04/16/2026,5,,,
April,Point of Rental,Alera Group,461933,Partner,04/16/2026,Waiting Period Rules,"rehire rule to be if rehired within 13 weeks, date of rehire ","Rehire Rule Has Updated
From “First of the Month Following 0 Day(s) from Date of Rehire” 
To ”Date of Rehire” ",0:24,1:30,1:54,,Pratap,Kiran B S,Nitya,04/16/2026,5,,,
April,Thompson Concrete,"LumberFi, Inc",460116,Client,04/17/2026,Rates Corrections,"Reason: There is a significant difference between the premium 
listed on the invoice and the premium in Benefits Junction.",Update the Self-funded Invoice rates from the latest period plan year that is from 1/1/2026 to the below rates for all the Medical plans to match carrier invoice provided by client. (attached),0:34,1:30,2:04,,Jeevan S,Kiran B S,Nitya,04/17/2026,4,,,
April,Evans Contracting Group,"LumberFi, Inc",462661,Client,04/22/2026,Eligibility Setup,"Create a department “Exception” and update the deductions rates for Michael Cox – deductions for Medical plan needs to be 50% of current deductions. 
So his weekly cost should be $150.31 for EE+SP coverage. ","Created a new department “Exception” and updated the deductions rates for EE# Michael Cox – deductions for Medical plan are 50% of current deductions. 
So his weekly cost is $150.31 for EE+SP coverage. ",1:10,1:30,2:40,,Pratyush,Kiran B S,Nitya,04/22/2026,5,,,
April,Ahern,M3 Insurance,459752,Client,04/30/2026,Work Info,Create a Custom Field called “Final Payroll Process Date” under Work Info and do not make it mandatory and enable in reports. ,"Created a Custom Field called “Final Payroll Process Date” under Work Info and enabled in reports.
This for tracking the FSA HC/DC plans when employee is terminated",0:45,0:30,1:15,,Pratyush,Kiran B S,Nitya,04/30/2026,5,,,
May,SOAR Transport,"Russ Blakely & Associates, LLC",462984,Partner,05/09/2026,Waiting Period Rules,"Update MOO plans waiting period to First of the Month Following or Coinciding with 61 Day(s) from Date of Hire. The same applies to Rehire rules.
Update effective for Matthew Kramer and Gary Millsap to 6/1/2026","We have updated the MOO plans waiting period to the first of the month following or coinciding with 61 day(s) from the date of hire. The same applies to rehire rules, and the update is effective for Matthew Kramer and Gary Millsap as of 6/1/2026. Please review.",0:07,0:50,0:57,,Jeevan S,Nischith,Nitya,05/09/2026,5,,,
May,AXISCADES,TrueNorth,466610,Partner,05/22/2026,Plan Rules,"Update billing rules for Ameritas carrier:  

No premium for the first month unless it is the 1st. 

The termination rules should remain the same as “Full month premium. ","We have Updated Billing Rules for Ameritas Carrier Plans like Dental, Vision Plans Invoice Addition Retro Rules listed as follows:
Invoice Addition Retro Rules:
- Full Month Premium"" to "" No premium for the first month unless it is the 1st ""
Invoice Termination Retro Rules:
-Its remains same as ""Full month premium""",0:18,0:40,0:58,,Pratap,Kiran B S,Nitya,05/22/2026,5,,,
May,Ahern,M3 Insurance,452538,Partner,05/29/2026,Plan Rules,"Update billing rules 

No premium for the first month unless the effective date is the 1st of the month for Additions Correct 

Full month premium for Terminations Correct, and coverage will continue through the end of the month ",Updated the billing rule for Carrier - The Standard,0:10,0:50,1:00,,Jeevan S,Kiran B S,Nitya,05/29/2026,5,,,
June,Point of Rental,Alera Group,465531,Partner,06/05/2026,Waiting Period Rules,"Change the Rehire rule for Mutual of Omaha carrier for department AllOth, DeptMgr, NonTXFTemp and OKFTemp 

Rehire within 91 days 
First of the Month Following 0 Day(s) from Date of Rehire 

Rehire after 91 days
First of the Month Following 14 Day(s) from Date of Rehire 

Update:, Phillips, Elyse N MOO plans should be effective June 1st. ","Updated the Rehire rule from
Rehire within 91 days 
First of the Month Following 0 Day(s) from Date of Rehire 

Rehire after 91 days 
First of the Month Following 30 Day(s) from Date of Rehire
to
Rehire within 91 days 
First of the Month Following 0 Day(s) from Date of Rehire 

Rehire after 91 days 
First of the Month Following 14 Day(s) from Date of Rehire 

We have updated Phillips, Elyse N MOO plans should be effective June 1st",0:45,1:45,2:30,,Jeevan S,Kiran B S,Nitya,06/05/2026,5,,,
June,Evans Contracting Group,"LumberFi, Inc",469160,Partner,06/12/2026,Plan Setup,Update UHC plans and rates,"We have Ended the current medical plan with 5/31/2026.

1.	We have added the new medical plan in BenJ with new Premiums and Contributions with 6/1/2026
2.	Send new Plan ID to Lumber
3.	Send revised deductions for Medical to Lumber. What will happen to payroll as the they are doing payroll tomorrow (6/12/2026)
4.	Noyo to change the Dynamic Mapping.
5.	Send the census snapshots for all.
",1:00,1:20,2:20,,Pratap,Nischith,Nitya,06/12/2026,4,,,
June,Point of Rental,Alera Group,465531,Client,06/12/2026,Waiting Period Rules,"Please update new hire rule for all departments to “1st of the month following 14 days of Date of Hire” for all plans. 
Update the rehire rule as well – should be after 91 days, “1st of the month following 14 days of Date of rehire”. Within 91 days, it’s FOMF 0 days of rehire
","Effective June 1: Add new period plan year.

Please update new hire rule for all departments to “1st of the month following 14 days of Date of Hire” for all plans. 

Update the rehire rule as well – should be after 91 days, “1st of the month following 14 days of Date of rehire”. Within 91 days, it’s FOMF 0 days of rehire.

Check all plans once if the rules are same for all CLDD and New Hire, Rehire and Termination then we can remove Waiting Period Rules Based On : Department.	
",1:00,2:20,3:20,,Shilpa,Nischith,Nitya,06/12/2026,5,,,
June,AXISCADES,TrueNorth,468870,Client,06/17/2026,Plan Setup,For Principal plans – update base age for rate calculation to be prior Plan Anniversary Date,"We have updated the Voluntary Critical Illness Plan setup for Base Age used in rate calculation for new hires.

Previously, the Plan Effective Date was configured to determine age as of the effective date. 

For the plan period 01/01/2026 to 12/31/2026, the base age has been set as 01/01/2026.
For the plan period 01/01/2027 to 12/31/2027, the base age has been set as 01/01/2027.",0:15,1:30,1:45,,Pratap,Kiran B S,Nitya,06/17/2026,5,,,
June,Ahern,M3 Insurance,470879,Client,06/30/2026,Eligibility Setup,"Update location name of Michigan to “Kingsford” 
No change to location code",We have updated the Department name of Michigan to “Kingsford” ,0:10,0:30,0:40,,Jeevan S,Nischith,Nitya,06/30/2026,5,,,
July,K2 Construction,"LumberFi, Inc",471200,Client,07/07/2026,Eligibility Setup,"Add the following classes and update eligibility accordingly:
•	Full-Time LOA with Benefits – Use this class when an employee is on a Leave of Absence (LOA) and all benefits remain active throughout the leave.
•	Full-Time LOA without Benefits – Use this class when a full-time employee is on a Leave of Absence and all benefits are terminated during the leave.
•	Part-Time LOA without Benefits – Use this class when a part-time employee is on a Leave of Absence. Benefits will not continue while the employee is on leave.","We have added the following classes and updated the eligibility accordingly:
•	Full-Time LOA with Benefits – Use this class when an employee is on a Leave of Absence (LOA) and all benefits remain active throughout the leave.
•	Full-Time LOA without Benefits – Use this class when a full-time employee is on a Leave of Absence and all benefits are terminated during the leave.
•	Part-Time LOA without Benefits – Use this class when a part-time employee is on a Leave of Absence. Benefits will not continue while the employee is on leave.",0:20,1:30,1:50,,Jeevan S,Nischith,Nitya,07/07/2026,5,,,
July,Stratus Systems LLC,"LumberFi, Inc",466867,Client,07/08/2026,Plan Setup,Voluntary Life: Age reductions apply first of the month following birthday,"We have updated the Voluntary Life plan setup. The age reduction schedule has been changed from ""Plan Anniversary"" to ""the first of the month following the birthday"".
",0:10,0:30,0:40,,Pratap,Nischith,Nitya,07/08/2026,5,,,
July,All Clients,"LumberFi, Inc",461932,Partner,07/09/2026,Field Setup,"Marital Status Effective Date and Relationship Effective Date
•	Disable Marital Status Effective Date on the Employee Personal Information page.
•	Remove mandatory requirement for the Dependent Relationship Effective Date from the Dependent Information page.
•	Display Emergency Contacts setup has to be removed for all Lumber clients as this info is already collected on Lumber. But this was enabled for all the client that went live before 4/30/2026.
","We have updated the field configuration for all Lumber clients. Below is a summary of the changes that have been implemented:

1. We Disabled the ""Marital Status Effective Date"" field on the ""Employee Personal Information"" page.
2. We Removed the ""mandatory requirement"" for the ""Dependent Relationship Effective Date"" field on the ""Dependent Information"" page.
3. We Removed the ""Emergency Contact"" setup for all Lumber clients.
",1:30,1:20,2:50,,Pratap,Kiran B S,Nitya,07/09/2026,5,,,
July,Higdon Construction LLC,"LumberFi, Inc",472018,Client,07/09/2026,Plan Setup,"Update HSA configuration – employees cannot waive HSA plan, and minimum weekly amount is $20","We have Updated For this group, we are temporarily hardcoding the following settings in the backend. We plan to move these changes on Monday, 07/13/2026.
1. Disable the Decline option by enabling the HSA Employer (ER) Contribution. This workaround is required because the HSA plan setup does not function if the Decline option is unchecked.
2. Set the minimum contribution to $20. If a user enters an amount below $20, the following validation message will be displayed:
3.""The minimum weekly HSA contribution is $20. Enter a value of $20 or more.""
",0:10,0:30,0:40,,Pratap,Kiran B S,Nitya,07/13/2026,4,,,
July,K2 Construction,"LumberFi, Inc",470401,Client,07/14/2026,Waiting Period Rules,"

















Update rehire rule for Medical
-	if rehired within 13 weeks, the date of rehire eligibility applies; after 13 weeks, it is FOMF 60 days.
For K2, the rehires are treated as follows

•	If rehired within 30 days (4 weeks), the employee should be reinstated to prior coverage
•	If rehired between 4 weeks and 13 weeks,

o	offer benefits on the rehire date if the break in employment is less than the prior employment duration
o	offer benefits with a new hire waiting period, if the break in employment is longer than the prior employment duration
•	If rehired after 13 weeks, offer benefits with the new hire waiting period.

In our system, for both the API and file feeds, rehires are always handled manually, one by one. Someone must go into the employee record and click the rehire button. For K2, every time we have a rehire, the team should review these rules and apply them accordingly.

These are the steps to handle Rehires for K2


•	If rehired within 30 days (4 weeks),

o	Rehire the employee in BenJ and enroll him in the same benefits he had before. He doesn’t need to re-enroll. In the system, the rehire rule is set up as: if rehired within 13 weeks, coverage starts on the rehire date. So, when you rehire, it automatically uses the rehire date as the effective date, and we should just enroll him in the same benefits he had before as of the rehire date. Also assign it to the product to expire the to-do list. Because the K2 doc says they should not be allowed to make changes without a life event.
•	If rehired between 4 and 13 weeks

o	If the break in employment is less than the prior employment,

?	Then you just rehire the employee, and the within-13-weeks rule will be applied by the system, and coverage starts on the rehire date. The employee will receive the email and log in to complete the enrollment.
o	If the break in employment is longer than the prior employment,

?	Do not rehire the employee; assign that to the product. We will need to apply the new-hire waiting period to ensure the effective date is shown correctly
","













We have updated the Rehire Rule from ""Within 91 Days of termination date, First of the Month Following 60 Day(s) from Date of Rehire
Others, First of the Month Following 60 Day(s) from Date of Rehire"" to ""Within 91 Days of termination date, Date of Rehire
Others, First of the Month Following 60 Day(s) from Date of Rehire""

Manual Process by Data Integrations Team
1.	If rehired within 30 days (4 weeks)
When processing a rehire, the system automatically uses the rehire date as the effective date. The employee should be manually enrolled in the same benefits they had prior to termination, effective as of the rehire date.
Also, assign this record to the Product team so they can expire/end the to-do list. According to the K2 documentation, employees should not be allowed to make benefit changes unless they have a qualifying life event.
Issue: In these scenarios, the rehire activation email is triggered automatically. The current workaround is to temporarily disable the email notification before processing the rehire and then use this approach only for these specific cases.

2.	Rehires Between 4 and 13 Weeks
•	If the break in employment is shorter than the employee's prior period of employment:
o	Rehire the employee as usual.
o	The system will automatically apply the within-13-weeks rule, and coverage will become effective on the rehire date.
o	The employee will receive the rehire activation email and can log in to complete their enrollment.
•	If the break in employment is longer than the employee's prior period of employment:
o	Do not rehire the employee.
o	Assign the case to the Product team.
o	A new-hire waiting period must be applied to ensure the correct benefit effective date is calculated and displayed.
",0:41,1:50,2:31,,Pratap,Kiran B S,Nitya,07/14/2026,4,,,
July,Howard Sheppard LLC,TrueNorth,469951,Client,07/14/2026,Plan Setup,"The after-OE invoice audit for Howard Sheppard revealed discrepancies between BenJ and the June 2026 carrier invoices. The following updates are needed in BenJ:

Medical Plan (Anthem):
Update rates for new plan year:
Stop Loss Premium: $356.00/mo (Specific $352.14 + Aggregate $3.86)
Admin Fee: $12.00/mo (Admin Fees $35.98 - Pharmacy Rebate Offset $23.98)
Other Fees: $0

Dental Plan (Anthem):
Change plan type effective 6/1/2026:
Change from Fully Insured to Self-Funded
Stop Loss Premium: $0
Admin Fee: $3.60/mo
Other Fees: $0","We have updated the Medical and Dental Plan setup below as followes

Medical Plan (Anthem):
Updated rates for existing new plan year:
Stop Loss Premium: $356.00/mo (Specific $352.14 + Aggregate $3.86)
Admin Fee: $12.00/mo (Admin Fees $35.98 - Pharmacy Rebate Offset $23.98)
Other Fees: $0

Dental Plan (Anthem):
Added plan type effective 6/1/2026:
Changed from Fully Insured to Self-Funded
Stop Loss Premium: $0
Admin Fee: $3.60/mo
Other Fees: $0",0:30,1:30,2:00,,Jeevan S,Kiran B S,Juan,07/14/2026,5,,,
July,AXISCADES,TrueNorth,468870,Internal,07/20/2026,Plan Setup, Update the billing rules for Axiscades Principal plans.,"We have updated the billing rules for Axiscades Principal plans as per below.
Invoice Addition Retro Rules : No Premium for first month unless it is 1st
Invoice Termination Retro Rules : Full month premium
Addition Retro Cap & Termination Retro Cap : 3 Months",0:30,0:50,1:20,,Jeevan S,Kiran B S,Juan,07/20/2026,5,,,
July,Stratus System LLC,"LumberFi, Inc",466867,Client,07/20/2026,Waiting Period Rules,"Update rehire rule to “within 180 days (6 months) of termination, FOMF rehire date for all the plans.","Updated the rehire rule to “within 180 days (6 months) of termination, FOMF rehire date for all plans.” from within 120 days of termination, FOMF rehire date for all plans.",0:30,1:30,2:00,,Jeevan S,Nischith,Nitya,07/20/2026,5,,,
July,Wagner Roofing Company,"LumberFi, Inc",473436,Client,07/23/2026,Waiting Period Rules,"Update waiting period rule to match principal, due to Principal calculating DOH as day 0
-91 days following DOH

Update records that were affected: 
•	Reyes Peralta Angeles - Vision Plan
•	Steven Cahn - Vision Plan
•	Christian Caceres - Critical Illness Plan
","We have updated the Waiting period rules for principal carrier plans as follows below
New Hires - from ""90 Day(s) Following Date of Hire"" to ""91 Day(s) Following Date of Hire""
Rehire - from ""Within 0 Days of termination date, 90 Day(s) Following Date of Rehire
Others, 90 Day(s) Following Date of Rehire to ""Within 0 Days of termination date, 91 Day(s) Following Date of Rehire Others, 91 Day(s) Following Date of Rehire""
Class - from ""Date of Class"" to ""91 Day(s) Following Date of Class""

for Cigna, One america and Vangaurd carrier Plans we have updated only Class from ""Date of Class"" to ""90 Day(s) Following Date of Class""",0:36,1:40,2:16,,Pratap,Kiran B S,Nitya,07/23/2026,5,,,
July,Stratus Systems LLC,"LumberFi, Inc",473783,Client,07/23/2026,Waiting Period Rules,"Update new hire rule for Pirncipal plans to include coinciding terminology

Broker said: “your Principal policy includes coinciding language, if a member starts on the first day of the month and their 30th day of employment is on the 1st day of the month, their coverage will be effective first of the month thereafter.”
","We have updated the waiting Period rules for Principal Carrier plans as follows below
New Hires - from ""First of the Month Following with 30 Day(s) from Date of Hire""  to ""First of the Month Following or Coinciding with 30 Day(s) from Date of Hire""

Rehire - from ""Within 180 Days of termination date, First of the Month Following with 0 Day(s) from Date of Rehire Others, First of the Month Following with 30 Day(s) from Date of Rehire   to ""Within 180 Days of termination date, First of the Month Following or Coinciding with 0 Day(s) from Date of Rehire Others, First of the Month Following or Coinciding with 30 Day(s) from Date of Rehire""

CLDD - from ""First of the Month Following with 30 Day(s) from Date of Class"" to ""First of the Month Following or Coinciding with 30 Day(s) from Date of Class""",0:25,1:45,2:10,,Pratap,Kiran B S,Nitya,07/23/2026,5,,,
July,Monks Painting,"LumberFi, Inc",474096,Client,07/29/2026,Plan Setup,"Add a Full-Time Executive class
-	Adina Erridge
-	Daniel Monks

Update deductions for Medical, Dental, Vision to show $0 EE and full premium as ER cost
",We have Created a new Class Full-Time Executive and we set for Executive class Zero deductions for Employee,2:07,1:45,3:52,,Pratap,Kiran B S,Nitya,07/29/2026,5,,,
August,Altitude Health Services LLC,TrueNorth,474659,Partner,08/04/2026,Plan Setup,"Update Stop Loss rates effective 7/1/2026 for UMR Medical 

Employee Only: $200.37 
Employee + Child(ren): $345.86 
Employee + Spouse: $389.53 
Employee + Family: $580.22 ","Update Stop Loss rates effective 7/1/2026 for UMR Medical (7/1/2026 to 8/31/2026) 

Employee Only: $200.37 
Employee + Child(ren): $345.86 
Employee + Spouse: $389.53 
Employee + Family: $580.22 ",0:40,0:30,1:10,,Kiran B S,Nischith,Nitya,08/05/2026,5,,,
August,Visiting Nurse Health System,Propel Insurance,467385,Client,08/06/2026,Plan Setup,"Update the Invoice Termination Retro Rule for the MetLife plans from “Full month premium if Terminated after 15th of month” to “Full month premium.” 

The current rule is misaligned with how MetLife actually bills — MetLife does not prorate premiums and charges a full month regardless of when in the month an employee terminates. The existing rule has been generating expected credits for mid-month terminations that MetLife will never process, causing recurring invoice reconciliation discrepancies each cycle. 

Changing this to “Full month premium” will align Benefits Junction with MetLife’s actual billing behavior and eliminate this source of ongoing discrepancies. ","Updated the Invoice Termination Retro Rule for the MetLife plans from “Full month premium if Terminated after 15th of month” to “Full month premium.” 

Changing this to “Full month premium” will align Benefits Junction with MetLife’s actual billing behavior and eliminate this source of ongoing discrepancies. 
",0:08,0:30,0:38,,Jeevan S,Kiran B S,Nitya,08/06/2026,5,,,
August,Flora Food Group,Hilb Group,473609,Client,08/06/2026,Plan Setup,"Pet Benefit Solutions is rebranding to Wishbone, and all products will be aligned under the Wishbone brand. 

Pet Benefit Solutions currently offers Total Pet Plan, a discount savings plan. As part of the rebrand, Total Pet Plan has been renamed Wishbone Total Pet. Flora Food Group's BenJ and Flimp portals need to be updated to reflect this change - any reference to ""Total Pet Plan"" should be renamed to ""Wishbone Total Pet.""

The carrier has provided updated logos, a platform setup guide, and plan descriptions as attachments. Screenshots of the completed updates should be shared with Pet Benefits.","We have changed the Carrier name from Pet Benefit Solutions to Wishbone and any reference to ""Total Pet Plan"" renamed to ""Wishbone Total Pet.""",0:40,0:50,1:30,,Jeevan S,Kiran B S,Juan,08/06/2026,5,,,
August,ATK Energy Group,TrueNorth,473546,Partner,08/07/2026,Plan Setup,"Two configuration changes are needed for ATK Energy Group based on a discrepancy identified between the BenJ system setup and the carrier (Principal) configuration, confirmed by the client contact Jennifer Carroll (TrueNorth Companies) on July 24, 2026.

1. Overage Dependent Rule — Update for All Plans (Principal and Medical/BCBS of OK)

The overage dependent rule in BenJ is currently configured as ""When Dependent Turns 26,"" but Principal is applying ""End of Month After 26th Birthday."" This discrepancy was identified when Jennifer Grahn's dependent, Gillian Grahn (DOB 03/30/2000), was removed from plans effective 03/30/2026 in BenJ, while Principal's effective removal date was 04/01/2026. Jennifer Carroll confirmed the correct rule is end-of-month after the dependent turns 26. This same correction should also be applied to the Medical (BCBS of OK) plan, which is currently configured with the same ""When Dependent Turns 26"" rule.

Action: Change overage dependent rule from ""When Dependent Turns 26"" to ""End of Month After 26th Birthday"" for all applicable plans including Principal and Medical (BCBS of OK).

2. Voluntary Life Spouse Age Reduction Rule — Update from Plan Anniversary to Birthday

The age reduction rule for Voluntary Life Spouse (and Employee) coverage in BenJ is currently set to apply on the Plan Anniversary. However, Principal applies the age reduction on the dependent's birthday. This was identified for employee Joe Hulett (EE #2886), whose spouse's date of birth is 01/16/1961 and turned 65 on 01/16/2026. Principal already reduced her coverage on the birthday, but BenJ's current setup would not apply the reduction until the next plan anniversary, 01/01/2027. 

Jennifer Carroll confirmed the age reduction should occur on the Birthday to match Principal.

Action: Change Voluntary Life Spouse (and Employee) age reduction rule trigger from Plan Anniversary to Birthday.
","We have updated the overage-dependent rule from “When Dependent Turns 26” to “End of Month After 26th Birthday” for all applicable plans, including Principal and Medical (BCBS of OK). We also changed the Voluntary Life Spouse (and Employee) age reduction rule trigger from Plan Anniversary to Birthday. ",0:59,1:20,2:19,,Jeevan S,Kiran B S,Juan,08/07/2026,5,,,
August,Quest Building Corp,"LumberFi, Inc",473351,Client,08/11/2026,Plan Setup,Update waiting period rule to include coinciding terminology for all plans,"Updated waiting period rule to include coinciding terminology for all plans


Principal Carrier Waiting Period:
First of the Month Following 12 Month(s) from Date of Hire

To

First of the Month Following or Coinciding with 12 Month(s) from Date of Hire

Other Plans Waiting Period:

First of the Month Following 60 Day(s) from Date of Hire

To 

First of the Month Following or Coinciding with 60 Day(s) from Date of Hire
",0:30,1:20,1:50,,Shilpa,Nischith,Nitya,08/11/2026,5,,,
August,Healthcare of Iowa,TrueNorth,476145,Partner,08/12/2026,Plan Setup,"Create a class – “FMLA with Benefits” 

Make it eligible for Basic Life plans. 

Update Elizabeth Rigg to this class – so benefits are removed effective 9/1 ","Create a class – “FMLA with Benefits” 

Make it eligible for all Basic Life plans not just 10k plan. 

Update Elizabeth Rigg to this class – so benefits are removed effective 9/1.  
 
Change to FMLA with Benefits with effective 8/31/2026. So that Benefits are ended with 9/1/2026 except for Basic Life. ",0:30,1:05,1:35,,Kiran B S,Nischith,Nitya,08/13/2026,5,,,
August,Axiscades,TrueNorth,476175,Partner,08/13/2026,Company Setup,"Create a custom field for entering Visa information for only for dependents
Name the field “Visa Details""”
","We have created a new custom filed setup for only dependent info for entering Visa information and the field has been named ""Visa Details"" ",0:25,1:00,1:25,,Pratap,Kiran B S,Nitya,08/13/2026,5,,,
August,Bryan Construction Inc,"LumberFi, Inc",476871,Partner,08/19/2026,Eligibility Setup,"Add a Location for States – Wisconsin, Florida, and All Other States","We have added new Home State Locations like ""Florida"" and ""Wisconsin"" with same eligible as All Employees and also We renamed the ""All Employees"" location to ""All other States""",0:30,1:00,1:30,,Pratap,Nischith,Nitya,08/19/2026,5,,,
August,Acme Truck Line Inc,TrueNorth,472173,Partner,08/21/2026,Auto enrollment Setup,"The auto-enrollment setup for the Basic Life & AD&D, Employer Paid STD and LTD plans needs to be changed from 'Enroll on completion on due date' to 'Enroll on Eligibility.' This was identified during a class transfer review for employees Shannon Slater and Boris Martin. 

Under the current configuration, the system waits until the CLDD to-do item expires before auto-enrolling employees in employer-paid plans. Changing to 'Enroll on Eligibility' will ensure employees are automatically enrolled as soon as they become eligible, and that auto-enrolled plans are pre-selected in the enrollment workflow
","We have Updated the Auto enrollment setup for the plans Basic Life and STD, LTD Plans from ""Enroll on the completion of due date"" to ""Enroll on Eligibility""",0:20,1:00,1:20,,Pratap,Kiran B S,Juan,08/22/2026,5,,,
